compiler,opt,solver,N,p,repeats,mean_xtx_s,mean_xty_s,mean_solve_s,mean_total_s,stddev_total_s,max_beta_error,max_rms_beta_error
gcc,O0,gauss-jordan,2000,2000,3,35.221095,0.016275,14.124852,49.362222,0.179999,0.000001,0.000000
gcc,O0,gauss-jordan,20000,50,3,0.370378,0.004387,0.000259,0.375024,0.001085,0.000000,0.000000
gcc,O0,gauss-jordan,50000,300,3,31.989972,0.087703,0.047812,32.125487,0.253760,0.000000,0.000000
gcc,O0,gaussian,2000,2000,3,35.653682,0.016502,9.416650,45.086833,0.039914,0.000001,0.000000
gcc,O0,gaussian,20000,50,3,0.371535,0.004355,0.000180,0.376070,0.003413,0.000000,0.000000
gcc,O0,gaussian,50000,300,3,33.734520,0.089721,0.032303,33.856544,1.863833,0.000000,0.000000
gcc,O2,gauss-jordan,2000,2000,3,16.614247,0.007310,3.339156,19.960713,0.150934,0.000001,0.000000
gcc,O2,gauss-jordan,20000,50,3,0.271967,0.002852,0.000069,0.274888,0.000950,0.000000,0.000000
gcc,O2,gauss-jordan,50000,300,3,22.334187,0.046191,0.010665,22.391044,0.049660,0.000000,0.000000
gcc,O2,gaussian,2000,2000,3,18.637714,0.007855,2.126134,20.771702,0.677195,0.000001,0.000000
gcc,O2,gaussian,20000,50,3,0.283882,0.003164,0.000042,0.287088,0.000598,0.000000,0.000000
gcc,O2,gaussian,50000,300,3,23.674644,0.047975,0.005114,23.727732,0.631967,0.000000,0.000000
gcc,O3,gauss-jordan,2000,2000,3,16.387886,0.006973,2.025554,18.420414,0.264058,0.000001,0.000000
gcc,O3,gauss-jordan,20000,50,3,0.274115,0.002869,0.000078,0.277063,0.002685,0.000000,0.000000
gcc,O3,gauss-jordan,50000,300,3,22.354414,0.045789,0.005592,22.405796,0.045596,0.000000,0.000000
gcc,O3,gaussian,2000,2000,3,18.474647,0.007731,1.333116,19.815494,0.363604,0.000001,0.000000
gcc,O3,gaussian,20000,50,3,0.282461,0.003000,0.000057,0.285518,0.002264,0.000000,0.000000
gcc,O3,gaussian,50000,300,3,23.748188,0.048834,0.003963,23.800984,0.599743,0.000000,0.000000
gcc,Ofast,gauss-jordan,2000,2000,3,16.564820,0.006395,2.001540,18.572756,0.125767,0.000000,0.000000
gcc,Ofast,gauss-jordan,20000,50,3,0.275852,0.002756,0.000079,0.278687,0.001714,0.000000,0.000000
gcc,Ofast,gauss-jordan,50000,300,3,22.286758,0.045253,0.005705,22.337716,0.150086,0.000000,0.000000
gcc,Ofast,gaussian,2000,2000,3,18.593017,0.007156,1.329981,19.930155,0.016187,0.000000,0.000000
gcc,Ofast,gaussian,20000,50,3,0.282001,0.002721,0.000059,0.284782,0.003600,0.000000,0.000000
gcc,Ofast,gaussian,50000,300,3,23.507270,0.047539,0.003810,23.558619,0.594425,0.000000,0.000000
icc,O0,gauss-jordan,2000,2000,3,34.939253,0.016248,14.029644,48.985146,0.251710,0.000000,0.000000
icc,O0,gauss-jordan,20000,50,3,0.367337,0.004432,0.000256,0.372025,0.001638,0.000000,0.000000
icc,O0,gauss-jordan,50000,300,3,31.543896,0.089087,0.047756,31.680739,0.165182,0.000000,0.000000
icc,O0,gaussian,2000,2000,3,35.458809,0.016780,9.402258,44.877847,0.110189,0.000001,0.000000
icc,O0,gaussian,20000,50,3,0.394176,0.005315,0.000186,0.399677,0.015264,0.000000,0.000000
icc,O0,gaussian,50000,300,3,35.609435,0.089738,0.032337,35.731511,0.316254,0.000000,0.000000
icc,O2,gauss-jordan,2000,2000,3,16.303178,0.005824,1.755959,18.064961,0.230979,0.000001,0.000000
icc,O2,gauss-jordan,20000,50,3,0.274623,0.002670,0.000089,0.277382,0.003054,0.000000,0.000000
icc,O2,gauss-jordan,50000,300,3,22.591857,0.045904,0.003500,22.641261,0.035352,0.000000,0.000000
icc,O2,gaussian,2000,2000,3,18.522217,0.007537,1.322479,19.852233,0.201150,0.000001,0.000000
icc,O2,gaussian,20000,50,3,0.313671,0.003365,0.000077,0.317113,0.001812,0.000000,0.000000
icc,O2,gaussian,50000,300,3,24.411110,0.048043,0.002543,24.461696,0.338778,0.000000,0.000000
icc,O3,gauss-jordan,2000,2000,3,16.107878,0.006715,1.706766,17.821358,0.340646,0.000001,0.000000
icc,O3,gauss-jordan,20000,50,3,0.274234,0.003032,0.000089,0.277356,0.000434,0.000000,0.000000
icc,O3,gauss-jordan,50000,300,3,22.525386,0.045840,0.003366,22.574591,0.064591,0.000000,0.000000
icc,O3,gaussian,2000,2000,3,18.620631,0.007569,1.302036,19.930237,0.627786,0.000001,0.000000
icc,O3,gaussian,20000,50,3,0.311285,0.003346,0.000068,0.314699,0.001179,0.000000,0.000000
icc,O3,gaussian,50000,300,3,23.597839,0.047878,0.002497,23.648213,0.318949,0.000000,0.000000
icc,Ofast,gauss-jordan,2000,2000,3,16.400844,0.006593,1.728702,18.136139,0.074245,0.000001,0.000000
icc,Ofast,gauss-jordan,20000,50,3,0.273893,0.002758,0.000091,0.276742,0.000931,0.000000,0.000000
icc,Ofast,gauss-jordan,50000,300,3,22.453167,0.045533,0.003457,22.502157,0.033646,0.000000,0.000000
icc,Ofast,gaussian,2000,2000,3,18.657470,0.007352,1.321120,19.985943,0.686321,0.000001,0.000000
icc,Ofast,gaussian,20000,50,3,0.294563,0.003145,0.000070,0.297778,0.000736,0.000000,0.000000
icc,Ofast,gaussian,50000,300,3,24.116035,0.049032,0.002447,24.167513,0.625921,0.000000,0.000000
icx,O0,gauss-jordan,2000,2000,3,34.993483,0.016247,11.588326,46.598056,0.086803,0.000000,0.000000
icx,O0,gauss-jordan,20000,50,3,0.364283,0.004367,0.000220,0.368870,0.001098,0.000000,0.000000
icx,O0,gauss-jordan,50000,300,3,31.763300,0.086903,0.038933,31.889136,0.093792,0.000000,0.000000
icx,O0,gaussian,2000,2000,3,35.671884,0.016467,7.747948,43.436299,0.212241,0.000001,0.000000
icx,O0,gaussian,20000,50,3,0.387629,0.005014,0.000149,0.392792,0.003553,0.000000,0.000000
icx,O0,gaussian,50000,300,3,34.568804,0.090693,0.026385,34.685882,1.360251,0.000000,0.000000
icx,O2,gauss-jordan,2000,2000,3,19.430963,0.009152,1.819809,21.259924,0.263600,0.000001,0.000000
icx,O2,gauss-jordan,20000,50,3,0.274829,0.002728,0.000085,0.277641,0.002026,0.000000,0.000000
icx,O2,gauss-jordan,50000,300,3,22.301964,0.045798,0.003762,22.351524,0.024591,0.000000,0.000000
icx,O2,gaussian,2000,2000,3,21.001544,0.010067,1.443504,22.455115,0.162103,0.000000,0.000000
icx,O2,gaussian,20000,50,3,0.299822,0.003078,0.000074,0.302975,0.004473,0.000000,0.000000
icx,O2,gaussian,50000,300,3,23.232134,0.048149,0.002606,23.282890,0.532220,0.000000,0.000000
icx,O3,gauss-jordan,2000,2000,3,19.322191,0.006836,1.797223,21.126250,0.025216,0.000000,0.000000
icx,O3,gauss-jordan,20000,50,3,0.276688,0.002839,0.000053,0.279580,0.001180,0.000000,0.000000
icx,O3,gauss-jordan,50000,300,3,22.331937,0.048531,0.003751,22.384219,0.053980,0.000000,0.000000
icx,O3,gaussian,2000,2000,3,20.943636,0.007578,1.527968,22.479182,0.123028,0.000000,0.000000
icx,O3,gaussian,20000,50,3,0.308892,0.003089,0.000044,0.312024,0.001205,0.000000,0.000000
icx,O3,gaussian,50000,300,3,23.041548,0.049946,0.002598,23.094093,0.114629,0.000000,0.000000
icx,Ofast,gauss-jordan,2000,2000,3,19.324793,0.006628,1.749897,21.081318,0.169056,0.000000,0.000000
icx,Ofast,gauss-jordan,20000,50,3,0.278021,0.002605,0.000053,0.280680,0.002570,0.000000,0.000000
icx,Ofast,gauss-jordan,50000,300,3,22.152178,0.048268,0.003762,22.204208,0.183552,0.000000,0.000000
icx,Ofast,gaussian,2000,2000,3,19.370654,0.005829,1.096581,20.473065,0.401580,0.000000,0.000000
icx,Ofast,gaussian,20000,50,3,0.308025,0.003185,0.000044,0.311254,0.000783,0.000000,0.000000
icx,Ofast,gaussian,50000,300,3,23.232861,0.049686,0.002595,23.285142,0.331300,0.000000,0.000000
