compiler,opt,solver,N,p,repeat,time_xtx_s,time_xty_s,time_solve_s,time_total_s,max_beta_error,rms_beta_error
gcc,O0,gaussian,20000,50,1,0.369503,0.004374,0.000177,0.374054,0.000000,0.000000
gcc,O0,gaussian,20000,50,2,0.375499,0.004326,0.000186,0.380011,0.000000,0.000000
gcc,O0,gaussian,20000,50,3,0.369604,0.004364,0.000177,0.374145,0.000000,0.000000
gcc,O0,gaussian,50000,300,1,31.586125,0.089028,0.032265,31.707418,0.000000,0.000000
gcc,O0,gaussian,50000,300,2,34.908181,0.089637,0.032372,35.030189,0.000000,0.000000
gcc,O0,gaussian,50000,300,3,34.709254,0.090498,0.032272,34.832024,0.000000,0.000000
gcc,O0,gaussian,2000,2000,1,35.605591,0.016358,9.421355,45.043304,0.000001,0.000000
gcc,O0,gaussian,2000,2000,2,35.668484,0.016515,9.410485,45.095483,0.000001,0.000000
gcc,O0,gaussian,2000,2000,3,35.686972,0.016632,9.418110,45.121713,0.000001,0.000000
gcc,O2,gaussian,20000,50,1,0.283060,0.003308,0.000043,0.286411,0.000000,0.000000
gcc,O2,gaussian,20000,50,2,0.284347,0.002921,0.000041,0.287309,0.000000,0.000000
gcc,O2,gaussian,20000,50,3,0.284239,0.003262,0.000042,0.287543,0.000000,0.000000
gcc,O2,gaussian,50000,300,1,22.954354,0.047280,0.005105,23.006739,0.000000,0.000000
gcc,O2,gaussian,50000,300,2,23.936734,0.048841,0.005138,23.990713,0.000000,0.000000
gcc,O2,gaussian,50000,300,3,24.132843,0.047803,0.005100,24.185745,0.000000,0.000000
gcc,O2,gaussian,2000,2000,1,19.229131,0.007931,2.249200,21.486262,0.000001,0.000000
gcc,O2,gaussian,2000,2000,2,18.408371,0.007801,2.273289,20.689460,0.000001,0.000000
gcc,O2,gaussian,2000,2000,3,18.275639,0.007832,1.855913,20.139384,0.000001,0.000000
gcc,O3,gaussian,20000,50,1,0.282973,0.003115,0.000057,0.286144,0.000000,0.000000
gcc,O3,gaussian,20000,50,2,0.284322,0.003023,0.000059,0.287404,0.000000,0.000000
gcc,O3,gaussian,20000,50,3,0.280089,0.002863,0.000055,0.283007,0.000000,0.000000
gcc,O3,gaussian,50000,300,1,23.055865,0.048547,0.004055,23.108467,0.000000,0.000000
gcc,O3,gaussian,50000,300,2,24.096664,0.049144,0.003958,24.149766,0.000000,0.000000
gcc,O3,gaussian,50000,300,3,24.092034,0.048810,0.003877,24.144720,0.000000,0.000000
gcc,O3,gaussian,2000,2000,1,18.860003,0.007891,1.348302,20.216196,0.000001,0.000000
gcc,O3,gaussian,2000,2000,2,18.382102,0.007379,1.334228,19.723709,0.000001,0.000000
gcc,O3,gaussian,2000,2000,3,18.181837,0.007924,1.316817,19.506578,0.000001,0.000000
gcc,Ofast,gaussian,20000,50,1,0.284464,0.002840,0.000058,0.287361,0.000000,0.000000
gcc,Ofast,gaussian,20000,50,2,0.277905,0.002705,0.000059,0.280669,0.000000,0.000000
gcc,Ofast,gaussian,20000,50,3,0.283635,0.002619,0.000060,0.286315,0.000000,0.000000
gcc,Ofast,gaussian,50000,300,1,22.822307,0.046724,0.003926,22.872957,0.000000,0.000000
gcc,Ofast,gaussian,50000,300,2,23.821181,0.049345,0.003697,23.874223,0.000000,0.000000
gcc,Ofast,gaussian,50000,300,3,23.878322,0.046547,0.003808,23.928677,0.000000,0.000000
gcc,Ofast,gaussian,2000,2000,1,18.627033,0.007343,1.314457,19.948832,0.000000,0.000000
gcc,Ofast,gaussian,2000,2000,2,18.598320,0.007009,1.316110,19.921440,0.000000,0.000000
gcc,Ofast,gaussian,2000,2000,3,18.553698,0.007117,1.359377,19.920192,0.000000,0.000000
icc,O0,gaussian,20000,50,1,0.377289,0.004569,0.000193,0.382051,0.000000,0.000000
icc,O0,gaussian,20000,50,2,0.402386,0.005951,0.000183,0.408520,0.000000,0.000000
icc,O0,gaussian,20000,50,3,0.402854,0.005424,0.000182,0.408459,0.000000,0.000000
icc,O0,gaussian,50000,300,1,35.296757,0.091244,0.032418,35.420420,0.000000,0.000000
icc,O0,gaussian,50000,300,2,35.600460,0.088652,0.032314,35.721426,0.000000,0.000000
icc,O0,gaussian,50000,300,3,35.931089,0.089318,0.032279,36.052686,0.000000,0.000000
icc,O0,gaussian,2000,2000,1,35.540892,0.016764,9.382815,44.940471,0.000001,0.000000
icc,O0,gaussian,2000,2000,2,35.344578,0.016704,9.389335,44.750617,0.000001,0.000000
icc,O0,gaussian,2000,2000,3,35.490958,0.016873,9.434623,44.942454,0.000001,0.000000
icc,O2,gaussian,20000,50,1,0.312588,0.003724,0.000078,0.316389,0.000000,0.000000
icc,O2,gaussian,20000,50,2,0.316105,0.002991,0.000078,0.319175,0.000000,0.000000
icc,O2,gaussian,20000,50,3,0.312321,0.003379,0.000076,0.315776,0.000000,0.000000
icc,O2,gaussian,50000,300,1,24.549682,0.049331,0.002508,24.601521,0.000000,0.000000
icc,O2,gaussian,50000,300,2,24.656746,0.048843,0.002590,24.708180,0.000000,0.000000
icc,O2,gaussian,50000,300,3,24.026901,0.045954,0.002531,24.075386,0.000000,0.000000
icc,O2,gaussian,2000,2000,1,18.501662,0.007432,1.223172,19.732266,0.000001,0.000000
icc,O2,gaussian,2000,2000,2,18.534648,0.007519,1.197809,19.739975,0.000001,0.000000
icc,O2,gaussian,2000,2000,3,18.530341,0.007661,1.546457,20.084458,0.000001,0.000000
icc,O3,gaussian,20000,50,1,0.309756,0.003655,0.000068,0.313479,0.000000,0.000000
icc,O3,gaussian,20000,50,2,0.312514,0.003251,0.000068,0.315833,0.000000,0.000000
icc,O3,gaussian,20000,50,3,0.311585,0.003132,0.000069,0.314786,0.000000,0.000000
icc,O3,gaussian,50000,300,1,23.418640,0.046506,0.002468,23.467613,0.000000,0.000000
icc,O3,gaussian,50000,300,2,23.964734,0.049248,0.002500,24.016481,0.000000,0.000000
icc,O3,gaussian,50000,300,3,23.410142,0.047881,0.002523,23.460546,0.000000,0.000000
icc,O3,gaussian,2000,2000,1,18.337723,0.007452,1.192921,19.538096,0.000001,0.000000
icc,O3,gaussian,2000,2000,2,18.404858,0.007317,1.186130,19.598306,0.000001,0.000000
icc,O3,gaussian,2000,2000,3,19.119312,0.007937,1.527058,20.654308,0.000001,0.000000
icc,Ofast,gaussian,20000,50,1,0.295013,0.003162,0.000070,0.298245,0.000000,0.000000
icc,Ofast,gaussian,20000,50,2,0.294967,0.003123,0.000069,0.298159,0.000000,0.000000
icc,Ofast,gaussian,20000,50,3,0.293709,0.003150,0.000071,0.296930,0.000000,0.000000
icc,Ofast,gaussian,50000,300,1,24.422060,0.049534,0.002441,24.474036,0.000000,0.000000
icc,Ofast,gaussian,50000,300,2,24.529712,0.048932,0.002450,24.581094,0.000000,0.000000
icc,Ofast,gaussian,50000,300,3,23.396332,0.048630,0.002449,23.447410,0.000000,0.000000
icc,Ofast,gaussian,2000,2000,1,18.329736,0.007588,1.203981,19.541305,0.000001,0.000000
icc,Ofast,gaussian,2000,2000,2,18.365002,0.006699,1.268442,19.640143,0.000001,0.000000
icc,Ofast,gaussian,2000,2000,3,19.277673,0.007769,1.490938,20.776381,0.000001,0.000000
icx,O0,gaussian,20000,50,1,0.384121,0.004614,0.000153,0.388888,0.000000,0.000000
icx,O0,gaussian,20000,50,2,0.388387,0.005116,0.000148,0.393651,0.000000,0.000000
icx,O0,gaussian,20000,50,3,0.390378,0.005313,0.000146,0.395837,0.000000,0.000000
icx,O0,gaussian,50000,300,1,35.296891,0.090778,0.026304,35.413973,0.000000,0.000000
icx,O0,gaussian,50000,300,2,35.408231,0.092489,0.026394,35.527115,0.000000,0.000000
icx,O0,gaussian,50000,300,3,33.001289,0.088813,0.026457,33.116559,0.000000,0.000000
icx,O0,gaussian,2000,2000,1,35.615484,0.016247,7.709286,43.341018,0.000001,0.000000
icx,O0,gaussian,2000,2000,2,35.570930,0.016579,7.700887,43.288396,0.000001,0.000000
icx,O0,gaussian,2000,2000,3,35.829238,0.016576,7.833670,43.679484,0.000001,0.000000
icx,O2,gaussian,20000,50,1,0.294650,0.003159,0.000075,0.297884,0.000000,0.000000
icx,O2,gaussian,20000,50,2,0.303231,0.002970,0.000072,0.306273,0.000000,0.000000
icx,O2,gaussian,20000,50,3,0.301586,0.003106,0.000076,0.304769,0.000000,0.000000
icx,O2,gaussian,50000,300,1,23.788266,0.047711,0.002608,23.838585,0.000000,0.000000
icx,O2,gaussian,50000,300,2,23.181091,0.048633,0.002606,23.232331,0.000000,0.000000
icx,O2,gaussian,50000,300,3,22.727044,0.048104,0.002605,22.777754,0.000000,0.000000
icx,O2,gaussian,2000,2000,1,21.067692,0.010203,1.283951,22.361846,0.000000,0.000000
icx,O2,gaussian,2000,2000,2,20.834918,0.009984,1.516302,22.361204,0.000000,0.000000
icx,O2,gaussian,2000,2000,3,21.102022,0.010014,1.530259,22.642295,0.000000,0.000000
icx,O3,gaussian,20000,50,1,0.310117,0.003218,0.000048,0.313383,0.000000,0.000000
icx,O3,gaussian,20000,50,2,0.308303,0.003259,0.000042,0.311603,0.000000,0.000000
icx,O3,gaussian,20000,50,3,0.308256,0.002789,0.000041,0.311087,0.000000,0.000000
icx,O3,gaussian,50000,300,1,23.168050,0.049587,0.002599,23.220237,0.000000,0.000000
icx,O3,gaussian,50000,300,2,22.944202,0.049496,0.002601,22.996300,0.000000,0.000000
icx,O3,gaussian,50000,300,3,23.012393,0.050754,0.002594,23.065741,0.000000,0.000000
icx,O3,gaussian,2000,2000,1,20.943645,0.007512,1.534740,22.485897,0.000000,0.000000
icx,O3,gaussian,2000,2000,2,20.842369,0.007533,1.503033,22.352935,0.000000,0.000000
icx,O3,gaussian,2000,2000,3,21.044894,0.007690,1.546131,22.598715,0.000000,0.000000
icx,Ofast,gaussian,20000,50,1,0.307878,0.002857,0.000043,0.310778,0.000000,0.000000
icx,Ofast,gaussian,20000,50,2,0.308839,0.003275,0.000043,0.312157,0.000000,0.000000
icx,Ofast,gaussian,20000,50,3,0.307358,0.003424,0.000045,0.310826,0.000000,0.000000
icx,Ofast,gaussian,50000,300,1,23.615584,0.049460,0.002601,23.667645,0.000000,0.000000
icx,Ofast,gaussian,50000,300,2,23.035863,0.050112,0.002594,23.088569,0.000000,0.000000
icx,Ofast,gaussian,50000,300,3,23.047137,0.049486,0.002589,23.099212,0.000000,0.000000
icx,Ofast,gaussian,2000,2000,1,19.827017,0.005458,1.101702,20.934176,0.000000,0.000000
icx,Ofast,gaussian,2000,2000,2,19.189721,0.006542,1.088658,20.284922,0.000000,0.000000
icx,Ofast,gaussian,2000,2000,3,19.095224,0.005487,1.099384,20.200096,0.000000,0.000000
